<?xml version="1.0" encoding="UTF-8" standalone="yes"?>

<!--place STL in bestGate/geometry folder  -->

<sysData>

<!--SIMULATION MANAGEMENT DATA  -->

        <!-- TIMESTEP [s] - usually between 0.002 and 0.001  -->
	<deltat>0.005</deltat>
	
	<!-- SIMULATION TIME [s] - simulation length from t=0 to t=tEnd  -->
	<tEnd>20</tEnd>


       <!--BESTGATE CASE DATA  -->
	<inputData>
	
	        <!--STL FILE NAME  -->
	        <!--place STL in bestGate/geometry folder  -->
		<stlName>cover_example.stl</stlName>
		
		<!--SCALE FACTOR - leave 1 for no-scaling - stl needed in METERS -->
		<scale>1</scale>
		
		<!--Mesh standard block in [m] - usually between 0.002 and 0.0005  -->
		<coarseMesh>0.001</coarseMesh>
		
		<!--POLYMER INJECTION TEMPERATURE [°C] -->
		<TMelt>260</TMelt>
		
		<!--MOLD TEMPERATURE [°C]  -->
		<TMold>50</TMold>
		
		<!-- HEAT EXCHANGE BETWEEN MOLD AND PART [W/m2K] - leave 1200 for common situation with a good mold -->
                <heatTransferCoefficient>1200</heatTransferCoefficient>
                
                
               <!-- POLYMER DATASHEET   -->
               
		<plastic>
		        <!-- DENSITY [Kg/m3]  -->
			<density>1410</density>	
			
			<!-- AVERAGE HEAT CAPACITY [J/kgK]  -->
			<heatCapacity>1400</heatCapacity>
			
			<!--HEAT CONDUCTIVITY [W/mk]  -->
			<heatConduction>0.34</heatConduction>
		
		</plastic>
		
		
	</inputData>
</sysData>
